from,to,value
0,0,0
1,1,0.04
2,2,0.051428571
3,3,0.072
4,4,0.08
5,5,0.102857143
